id,name,code,credits,formationId,semester
1,Analyse I,ANAL1,4,1,1
2,Algèbre Linéaire,ALGÈ2,4,1,1
3,Topologie,TOPO3,4,1,1
4,Calcul Différentiel,CALC4,4,1,1
5,Probabilités I,PROB5,4,1,1
6,Statistiques Inférencielles,STAT6,4,1,1
7,Analyse Complexe,ANAL7,4,1,2
8,Géométrie Différentielle,GÉOM8,4,1,2
9,Théorie des Nombres,THÉO9,4,1,2
10,Optimisation,OPTI10,4,1,2
11,Analyse I,ANAL11,4,1,2
12,Algèbre Linéaire,ALGÈ12,4,1,2
13,Topologie,TOPO13,4,1,3
14,Calcul Différentiel,CALC14,4,1,3
15,Probabilités I,PROB15,4,1,3
16,Statistiques Inférencielles,STAT16,4,1,3
17,Analyse Complexe,ANAL17,4,1,3
18,Géométrie Différentielle,GÉOM18,4,1,3
19,Théorie des Nombres,THÉO19,4,1,4
20,Optimisation,OPTI20,4,1,4
21,Analyse I,ANAL21,4,1,4
22,Algèbre Linéaire,ALGÈ22,4,1,4
23,Topologie,TOPO23,4,1,4
24,Calcul Différentiel,CALC24,4,1,4
25,Probabilités I,PROB25,4,1,5
26,Statistiques Inférencielles,STAT26,4,1,5
27,Analyse Complexe,ANAL27,4,1,5
28,Géométrie Différentielle,GÉOM28,4,1,5
29,Théorie des Nombres,THÉO29,4,1,5
30,Optimisation,OPTI30,4,1,5
31,Analyse I,ANAL31,4,1,6
32,Algèbre Linéaire,ALGÈ32,4,1,6
33,Topologie,TOPO33,4,1,6
34,Calcul Différentiel,CALC34,4,1,6
35,Physique Nucléaire,PHYS35,4,2,1
36,Relativité,RELA36,4,2,1
37,Mécanique du Point,MÉCA37,4,2,1
38,Thermodynamique,THER38,4,2,1
39,Électromagnétisme,ÉLEC39,4,2,1
40,Optique Géométrique,OPTI40,4,2,1
41,Physique Quantique,PHYS41,4,2,2
42,Électronique Analogique,ÉLEC42,4,2,2
43,Mécanique des Fluides,MÉCA43,4,2,2
44,Physique Nucléaire,PHYS44,4,2,2
45,Relativité,RELA45,4,2,2
46,Mécanique du Point,MÉCA46,4,2,2
47,Thermodynamique,THER47,4,2,3
48,Électromagnétisme,ÉLEC48,4,2,3
49,Optique Géométrique,OPTI49,4,2,3
50,Physique Quantique,PHYS50,4,2,3
51,Électronique Analogique,ÉLEC51,4,2,3
52,Mécanique des Fluides,MÉCA52,4,2,3
53,Physique Nucléaire,PHYS53,4,2,4
54,Relativité,RELA54,4,2,4
55,Mécanique du Point,MÉCA55,4,2,4
56,Thermodynamique,THER56,4,2,4
57,Électromagnétisme,ÉLEC57,4,2,4
58,Optique Géométrique,OPTI58,4,2,4
59,Physique Quantique,PHYS59,4,2,5
60,Électronique Analogique,ÉLEC60,4,2,5
61,Mécanique des Fluides,MÉCA61,4,2,5
62,Physique Nucléaire,PHYS62,4,2,5
63,Relativité,RELA63,4,2,5
64,Mécanique du Point,MÉCA64,4,2,5
65,Thermodynamique,THER65,4,2,6
66,Électromagnétisme,ÉLEC66,4,2,6
67,Optique Géométrique,OPTI67,4,2,6
68,Physique Quantique,PHYS68,4,2,6
69,Chimie Organique I,CHIM69,4,3,1
70,Structure de la Matière,STRU70,4,3,1
71,Spectroscopie,SPEC71,4,3,1
72,Electrochimie,ELEC72,4,3,1
73,Liaisons Chimiques,LIAI73,4,3,1
74,Thermodynamique Chimique,THER74,4,3,1
75,Chimie des Solutions,CHIM75,4,3,2
76,Cinétique Chimique,CINÉ76,4,3,2
77,Chimie Organique I,CHIM77,4,3,2
78,Structure de la Matière,STRU78,4,3,2
79,Spectroscopie,SPEC79,4,3,2
80,Electrochimie,ELEC80,4,3,2
81,Liaisons Chimiques,LIAI81,4,3,3
82,Thermodynamique Chimique,THER82,4,3,3
83,Chimie des Solutions,CHIM83,4,3,3
84,Cinétique Chimique,CINÉ84,4,3,3
85,Chimie Organique I,CHIM85,4,3,3
86,Structure de la Matière,STRU86,4,3,3
87,Spectroscopie,SPEC87,4,3,4
88,Electrochimie,ELEC88,4,3,4
89,Liaisons Chimiques,LIAI89,4,3,4
90,Thermodynamique Chimique,THER90,4,3,4
91,Chimie des Solutions,CHIM91,4,3,4
92,Cinétique Chimique,CINÉ92,4,3,4
93,Chimie Organique I,CHIM93,4,3,5
94,Structure de la Matière,STRU94,4,3,5
95,Spectroscopie,SPEC95,4,3,5
96,Electrochimie,ELEC96,4,3,5
97,Liaisons Chimiques,LIAI97,4,3,5
98,Thermodynamique Chimique,THER98,4,3,5
99,Chimie des Solutions,CHIM99,4,3,6
100,Cinétique Chimique,CINÉ100,4,3,6
101,Chimie Organique I,CHIM101,4,3,6
102,Structure de la Matière,STRU102,4,3,6
103,Physiologie Animale,PHYS103,4,4,1
104,Ecologie Générale,ECOL104,4,4,1
105,Biologie Cellulaire,BIOL105,4,4,1
106,Biochimie Structurale,BIOC106,4,4,1
107,Botanique,BOTA107,4,4,1
108,Zoologie,ZOOL108,4,4,1
109,Immunologie,IMMU109,4,4,2
110,Microbiologie,MICR110,4,4,2
111,Physiologie Animale,PHYS111,4,4,2
112,Ecologie Générale,ECOL112,4,4,2
113,Biologie Cellulaire,BIOL113,4,4,2
114,Biochimie Structurale,BIOC114,4,4,2
115,Botanique,BOTA115,4,4,3
116,Zoologie,ZOOL116,4,4,3
117,Immunologie,IMMU117,4,4,3
118,Microbiologie,MICR118,4,4,3
119,Physiologie Animale,PHYS119,4,4,3
120,Ecologie Générale,ECOL120,4,4,3
121,Biologie Cellulaire,BIOL121,4,4,4
122,Biochimie Structurale,BIOC122,4,4,4
123,Botanique,BOTA123,4,4,4
124,Zoologie,ZOOL124,4,4,4
125,Immunologie,IMMU125,4,4,4
126,Microbiologie,MICR126,4,4,4
127,Physiologie Animale,PHYS127,4,4,5
128,Ecologie Générale,ECOL128,4,4,5
129,Biologie Cellulaire,BIOL129,4,4,5
130,Biochimie Structurale,BIOC130,4,4,5
131,Botanique,BOTA131,4,4,5
132,Zoologie,ZOOL132,4,4,5
133,Immunologie,IMMU133,4,4,6
134,Microbiologie,MICR134,4,4,6
135,Physiologie Animale,PHYS135,4,4,6
136,Ecologie Générale,ECOL136,4,4,6
137,Stratigraphie,STRA137,4,5,1
138,Pétrographie,PÉTR138,4,5,1
139,Paléontologie,PALÉ139,4,5,1
140,Tectonique,TECT140,4,5,1
141,Minéralogie,MINÉ141,4,5,1
142,Géophysique,GÉOP142,4,5,1
143,Sédimentologie,SÉDI143,4,5,2
144,Cartographie,CART144,4,5,2
145,Stratigraphie,STRA145,4,5,2
146,Pétrographie,PÉTR146,4,5,2
147,Paléontologie,PALÉ147,4,5,2
148,Tectonique,TECT148,4,5,2
149,Minéralogie,MINÉ149,4,5,3
150,Géophysique,GÉOP150,4,5,3
151,Sédimentologie,SÉDI151,4,5,3
152,Cartographie,CART152,4,5,3
153,Stratigraphie,STRA153,4,5,3
154,Pétrographie,PÉTR154,4,5,3
155,Paléontologie,PALÉ155,4,5,4
156,Tectonique,TECT156,4,5,4
157,Minéralogie,MINÉ157,4,5,4
158,Géophysique,GÉOP158,4,5,4
159,Sédimentologie,SÉDI159,4,5,4
160,Cartographie,CART160,4,5,4
161,Stratigraphie,STRA161,4,5,5
162,Pétrographie,PÉTR162,4,5,5
163,Paléontologie,PALÉ163,4,5,5
164,Tectonique,TECT164,4,5,5
165,Minéralogie,MINÉ165,4,5,5
166,Géophysique,GÉOP166,4,5,5
167,Sédimentologie,SÉDI167,4,5,6
168,Cartographie,CART168,4,5,6
169,Stratigraphie,STRA169,4,5,6
170,Pétrographie,PÉTR170,4,5,6
171,Béton Armé,BÉTO171,4,6,1
172,Charpente Métallique,CHAR172,4,6,1
173,Routes et Voiries,ROUT173,4,6,1
174,Topographie,TOPO174,4,6,1
175,Matériaux de Construction,MATÉ175,4,6,1
176,Résistance des Matériaux,RÉSI176,4,6,1
177,Mécanique des Sols,MÉCA177,4,6,2
178,Béton Armé,BÉTO178,4,6,2
179,Charpente Métallique,CHAR179,4,6,2
180,Routes et Voiries,ROUT180,4,6,2
181,Topographie,TOPO181,4,6,2
182,Matériaux de Construction,MATÉ182,4,6,2
183,Résistance des Matériaux,RÉSI183,4,6,3
184,Mécanique des Sols,MÉCA184,4,6,3
185,Béton Armé,BÉTO185,4,6,3
186,Charpente Métallique,CHAR186,4,6,3
187,Routes et Voiries,ROUT187,4,6,3
188,Topographie,TOPO188,4,6,3
189,Matériaux de Construction,MATÉ189,4,6,4
190,Résistance des Matériaux,RÉSI190,4,6,4
191,Mécanique des Sols,MÉCA191,4,6,4
192,Béton Armé,BÉTO192,4,6,4
193,Charpente Métallique,CHAR193,4,6,4
194,Routes et Voiries,ROUT194,4,6,4
195,Topographie,TOPO195,4,6,5
196,Matériaux de Construction,MATÉ196,4,6,5
197,Résistance des Matériaux,RÉSI197,4,6,5
198,Mécanique des Sols,MÉCA198,4,6,5
199,Béton Armé,BÉTO199,4,6,5
200,Charpente Métallique,CHAR200,4,6,5
201,Routes et Voiries,ROUT201,4,6,6
202,Topographie,TOPO202,4,6,6
203,Matériaux de Construction,MATÉ203,4,6,6
204,Résistance des Matériaux,RÉSI204,4,6,6
205,Logique Combinatoire,LOGI205,4,7,1
206,Machines Électriques,MACH206,4,7,1
207,Traitement du Signal,TRAI207,4,7,1
208,Microprocesseurs,MICR208,4,7,1
209,Électronique de Puissance,ÉLEC209,4,7,1
210,Asservissements,ASSE210,4,7,1
211,Circuits Électriques,CIRC211,4,7,2
212,Logique Combinatoire,LOGI212,4,7,2
213,Machines Électriques,MACH213,4,7,2
214,Traitement du Signal,TRAI214,4,7,2
215,Microprocesseurs,MICR215,4,7,2
216,Électronique de Puissance,ÉLEC216,4,7,2
217,Asservissements,ASSE217,4,7,3
218,Circuits Électriques,CIRC218,4,7,3
219,Logique Combinatoire,LOGI219,4,7,3
220,Machines Électriques,MACH220,4,7,3
221,Traitement du Signal,TRAI221,4,7,3
222,Microprocesseurs,MICR222,4,7,3
223,Électronique de Puissance,ÉLEC223,4,7,4
224,Asservissements,ASSE224,4,7,4
225,Circuits Électriques,CIRC225,4,7,4
226,Logique Combinatoire,LOGI226,4,7,4
227,Machines Électriques,MACH227,4,7,4
228,Traitement du Signal,TRAI228,4,7,4
229,Microprocesseurs,MICR229,4,7,5
230,Électronique de Puissance,ÉLEC230,4,7,5
231,Asservissements,ASSE231,4,7,5
232,Circuits Électriques,CIRC232,4,7,5
233,Logique Combinatoire,LOGI233,4,7,5
234,Machines Électriques,MACH234,4,7,5
235,Traitement du Signal,TRAI235,4,7,6
236,Microprocesseurs,MICR236,4,7,6
237,Électronique de Puissance,ÉLEC237,4,7,6
238,Asservissements,ASSE238,4,7,6
239,Transferts Thermiques,TRAN239,4,8,1
240,Moteurs thermiques,MOTE240,4,8,1
241,Dessin Industriel,DESS241,4,8,1
242,Mécanique des Solides,MÉCA242,4,8,1
243,Dynamique des Systèmes,DYNA243,4,8,1
244,Science des Matériaux,SCIE244,4,8,1
245,Transferts Thermiques,TRAN245,4,8,2
246,Moteurs thermiques,MOTE246,4,8,2
247,Dessin Industriel,DESS247,4,8,2
248,Mécanique des Solides,MÉCA248,4,8,2
249,Dynamique des Systèmes,DYNA249,4,8,2
250,Science des Matériaux,SCIE250,4,8,2
251,Transferts Thermiques,TRAN251,4,8,3
252,Moteurs thermiques,MOTE252,4,8,3
253,Dessin Industriel,DESS253,4,8,3
254,Mécanique des Solides,MÉCA254,4,8,3
255,Dynamique des Systèmes,DYNA255,4,8,3
256,Science des Matériaux,SCIE256,4,8,3
257,Transferts Thermiques,TRAN257,4,8,4
258,Moteurs thermiques,MOTE258,4,8,4
259,Dessin Industriel,DESS259,4,8,4
260,Mécanique des Solides,MÉCA260,4,8,4
261,Dynamique des Systèmes,DYNA261,4,8,4
262,Science des Matériaux,SCIE262,4,8,4
263,Transferts Thermiques,TRAN263,4,8,5
264,Moteurs thermiques,MOTE264,4,8,5
265,Dessin Industriel,DESS265,4,8,5
266,Mécanique des Solides,MÉCA266,4,8,5
267,Dynamique des Systèmes,DYNA267,4,8,5
268,Science des Matériaux,SCIE268,4,8,5
269,Transferts Thermiques,TRAN269,4,8,6
270,Moteurs thermiques,MOTE270,4,8,6
271,Dessin Industriel,DESS271,4,8,6
272,Mécanique des Solides,MÉCA272,4,8,6
273,Histoire des Faits Économiques,HIST273,4,9,1
274,Mathématiques pour l'Économie,MATH274,4,9,1
275,Économie de l'Entreprise,ÉCON275,4,9,1
276,Comptabilité Nationale,COMP276,4,9,1
277,Microéconomie,MICR277,4,9,1
278,Macroéconomie,MACR278,4,9,1
279,Histoire des Faits Économiques,HIST279,4,9,2
280,Mathématiques pour l'Économie,MATH280,4,9,2
281,Économie de l'Entreprise,ÉCON281,4,9,2
282,Comptabilité Nationale,COMP282,4,9,2
283,Microéconomie,MICR283,4,9,2
284,Macroéconomie,MACR284,4,9,2
285,Histoire des Faits Économiques,HIST285,4,9,3
286,Mathématiques pour l'Économie,MATH286,4,9,3
287,Économie de l'Entreprise,ÉCON287,4,9,3
288,Comptabilité Nationale,COMP288,4,9,3
289,Microéconomie,MICR289,4,9,3
290,Macroéconomie,MACR290,4,9,3
291,Histoire des Faits Économiques,HIST291,4,9,4
292,Mathématiques pour l'Économie,MATH292,4,9,4
293,Économie de l'Entreprise,ÉCON293,4,9,4
294,Comptabilité Nationale,COMP294,4,9,4
295,Microéconomie,MICR295,4,9,4
296,Macroéconomie,MACR296,4,9,4
297,Histoire des Faits Économiques,HIST297,4,9,5
298,Mathématiques pour l'Économie,MATH298,4,9,5
299,Économie de l'Entreprise,ÉCON299,4,9,5
300,Comptabilité Nationale,COMP300,4,9,5
301,Microéconomie,MICR301,4,9,5
302,Macroéconomie,MACR302,4,9,5
303,Histoire des Faits Économiques,HIST303,4,9,6
304,Mathématiques pour l'Économie,MATH304,4,9,6
305,Économie de l'Entreprise,ÉCON305,4,9,6
306,Comptabilité Nationale,COMP306,4,9,6
307,Théorie des Organisations,THÉO307,4,10,1
308,Comptabilité Générale,COMP308,4,10,1
309,Droit des Affaires,DROI309,4,10,1
310,Audit Financier,AUDI310,4,10,1
311,Gestion de Projet,GEST311,4,10,1
312,Comportement du Consommateur,COMP312,4,10,1
313,Théorie des Organisations,THÉO313,4,10,2
314,Comptabilité Générale,COMP314,4,10,2
315,Droit des Affaires,DROI315,4,10,2
316,Audit Financier,AUDI316,4,10,2
317,Gestion de Projet,GEST317,4,10,2
318,Comportement du Consommateur,COMP318,4,10,2
319,Théorie des Organisations,THÉO319,4,10,3
320,Comptabilité Générale,COMP320,4,10,3
321,Droit des Affaires,DROI321,4,10,3
322,Audit Financier,AUDI322,4,10,3
323,Gestion de Projet,GEST323,4,10,3
324,Comportement du Consommateur,COMP324,4,10,3
325,Théorie des Organisations,THÉO325,4,10,4
326,Comptabilité Générale,COMP326,4,10,4
327,Droit des Affaires,DROI327,4,10,4
328,Audit Financier,AUDI328,4,10,4
329,Gestion de Projet,GEST329,4,10,4
330,Comportement du Consommateur,COMP330,4,10,4
331,Théorie des Organisations,THÉO331,4,10,5
332,Comptabilité Générale,COMP332,4,10,5
333,Droit des Affaires,DROI333,4,10,5
334,Audit Financier,AUDI334,4,10,5
335,Gestion de Projet,GEST335,4,10,5
336,Comportement du Consommateur,COMP336,4,10,5
337,Théorie des Organisations,THÉO337,4,10,6
338,Comptabilité Générale,COMP338,4,10,6
339,Droit des Affaires,DROI339,4,10,6
340,Audit Financier,AUDI340,4,10,6
341,Phonétique,PHON341,4,11,1
342,Techniques d'Expression,TECH342,4,11,1
343,Grammaire Française,GRAM343,4,11,1
344,Compréhension Orale,COMP344,4,11,1
345,Expression Écrite,EXPR345,4,11,1
346,Cultures et Civilisations,CULT346,4,11,1
347,Phonétique,PHON347,4,11,2
348,Techniques d'Expression,TECH348,4,11,2
349,Grammaire Française,GRAM349,4,11,2
350,Compréhension Orale,COMP350,4,11,2
351,Expression Écrite,EXPR351,4,11,2
352,Cultures et Civilisations,CULT352,4,11,2
353,Phonétique,PHON353,4,11,3
354,Techniques d'Expression,TECH354,4,11,3
355,Grammaire Française,GRAM355,4,11,3
356,Compréhension Orale,COMP356,4,11,3
357,Expression Écrite,EXPR357,4,11,3
358,Cultures et Civilisations,CULT358,4,11,3
359,Phonétique,PHON359,4,11,4
360,Techniques d'Expression,TECH360,4,11,4
361,Grammaire Française,GRAM361,4,11,4
362,Compréhension Orale,COMP362,4,11,4
363,Expression Écrite,EXPR363,4,11,4
364,Cultures et Civilisations,CULT364,4,11,4
365,Phonétique,PHON365,4,11,5
366,Techniques d'Expression,TECH366,4,11,5
367,Grammaire Française,GRAM367,4,11,5
368,Compréhension Orale,COMP368,4,11,5
369,Expression Écrite,EXPR369,4,11,5
370,Cultures et Civilisations,CULT370,4,11,5
371,Phonétique,PHON371,4,11,6
372,Techniques d'Expression,TECH372,4,11,6
373,Grammaire Française,GRAM373,4,11,6
374,Compréhension Orale,COMP374,4,11,6
375,Systèmes d'Exploitation,SYST375,4,12,1
376,Réseaux,RÉSE376,4,12,1
377,Bases de Données,BASE377,4,12,1
378,Développement Web,DÉVE378,4,12,1
379,Théorie des Graphes,THÉO379,4,12,1
380,Compilation,COMP380,4,12,1
381,Architecture des Ordinateurs,ARCH381,4,12,2
382,Génie Logiciel,GÉNI382,4,12,2
383,Interface Homme-Machine,INTE383,4,12,2
384,Sécurité Réseaux,SÉCU384,4,12,2
385,Algorithmique,ALGO385,4,12,2
386,Structures de Données,STRU386,4,12,2
387,Systèmes d'Exploitation,SYST387,4,12,3
388,Réseaux,RÉSE388,4,12,3
389,Bases de Données,BASE389,4,12,3
390,Développement Web,DÉVE390,4,12,3
391,Théorie des Graphes,THÉO391,4,12,3
392,Compilation,COMP392,4,12,3
393,Architecture des Ordinateurs,ARCH393,4,12,4
394,Génie Logiciel,GÉNI394,4,12,4
395,Interface Homme-Machine,INTE395,4,12,4
396,Sécurité Réseaux,SÉCU396,4,12,4
397,Algorithmique,ALGO397,4,12,4
398,Structures de Données,STRU398,4,12,4
399,Systèmes d'Exploitation,SYST399,4,12,5
400,Réseaux,RÉSE400,4,12,5
401,Bases de Données,BASE401,4,12,5
402,Développement Web,DÉVE402,4,12,5
403,Théorie des Graphes,THÉO403,4,12,5
404,Compilation,COMP404,4,12,5
405,Architecture des Ordinateurs,ARCH405,4,12,6
406,Génie Logiciel,GÉNI406,4,12,6
407,Interface Homme-Machine,INTE407,4,12,6
408,Sécurité Réseaux,SÉCU408,4,12,6
409,Théorie des Nombres,THÉO409,4,13,1
410,Optimisation,OPTI410,4,13,1
411,Analyse I,ANAL411,4,13,1
412,Algèbre Linéaire,ALGÈ412,4,13,1
413,Topologie,TOPO413,4,13,1
414,Calcul Différentiel,CALC414,4,13,1
415,Probabilités I,PROB415,4,13,2
416,Statistiques Inférencielles,STAT416,4,13,2
417,Analyse Complexe,ANAL417,4,13,2
418,Géométrie Différentielle,GÉOM418,4,13,2
419,Théorie des Nombres,THÉO419,4,13,2
420,Optimisation,OPTI420,4,13,2
421,Analyse I,ANAL421,4,13,3
422,Algèbre Linéaire,ALGÈ422,4,13,3
423,Topologie,TOPO423,4,13,3
424,Calcul Différentiel,CALC424,4,13,3
425,Probabilités I,PROB425,4,13,3
426,Statistiques Inférencielles,STAT426,4,13,3
427,Analyse Complexe,ANAL427,4,13,4
428,Géométrie Différentielle,GÉOM428,4,13,4
429,Théorie des Nombres,THÉO429,4,13,4
430,Optimisation,OPTI430,4,13,4
431,Analyse I,ANAL431,4,13,4
432,Algèbre Linéaire,ALGÈ432,4,13,4
433,Topologie,TOPO433,4,13,5
434,Calcul Différentiel,CALC434,4,13,5
435,Probabilités I,PROB435,4,13,5
436,Statistiques Inférencielles,STAT436,4,13,5
437,Analyse Complexe,ANAL437,4,13,5
438,Géométrie Différentielle,GÉOM438,4,13,5
439,Théorie des Nombres,THÉO439,4,13,6
440,Optimisation,OPTI440,4,13,6
441,Analyse I,ANAL441,4,13,6
442,Algèbre Linéaire,ALGÈ442,4,13,6
443,Thermodynamique,THER443,4,14,1
444,Électromagnétisme,ÉLEC444,4,14,1
445,Optique Géométrique,OPTI445,4,14,1
446,Physique Quantique,PHYS446,4,14,1
447,Électronique Analogique,ÉLEC447,4,14,1
448,Mécanique des Fluides,MÉCA448,4,14,1
449,Physique Nucléaire,PHYS449,4,14,2
450,Relativité,RELA450,4,14,2
451,Mécanique du Point,MÉCA451,4,14,2
452,Thermodynamique,THER452,4,14,2
453,Électromagnétisme,ÉLEC453,4,14,2
454,Optique Géométrique,OPTI454,4,14,2
455,Physique Quantique,PHYS455,4,14,3
456,Électronique Analogique,ÉLEC456,4,14,3
457,Mécanique des Fluides,MÉCA457,4,14,3
458,Physique Nucléaire,PHYS458,4,14,3
459,Relativité,RELA459,4,14,3
460,Mécanique du Point,MÉCA460,4,14,3
461,Thermodynamique,THER461,4,14,4
462,Électromagnétisme,ÉLEC462,4,14,4
463,Optique Géométrique,OPTI463,4,14,4
464,Physique Quantique,PHYS464,4,14,4
465,Électronique Analogique,ÉLEC465,4,14,4
466,Mécanique des Fluides,MÉCA466,4,14,4
467,Physique Nucléaire,PHYS467,4,14,5
468,Relativité,RELA468,4,14,5
469,Mécanique du Point,MÉCA469,4,14,5
470,Thermodynamique,THER470,4,14,5
471,Électromagnétisme,ÉLEC471,4,14,5
472,Optique Géométrique,OPTI472,4,14,5
473,Physique Quantique,PHYS473,4,14,6
474,Électronique Analogique,ÉLEC474,4,14,6
475,Mécanique des Fluides,MÉCA475,4,14,6
476,Physique Nucléaire,PHYS476,4,14,6
477,Chimie Organique I,CHIM477,4,15,1
478,Structure de la Matière,STRU478,4,15,1
479,Spectroscopie,SPEC479,4,15,1
480,Electrochimie,ELEC480,4,15,1
481,Liaisons Chimiques,LIAI481,4,15,1
482,Thermodynamique Chimique,THER482,4,15,1
483,Chimie des Solutions,CHIM483,4,15,2
484,Cinétique Chimique,CINÉ484,4,15,2
485,Chimie Organique I,CHIM485,4,15,2
486,Structure de la Matière,STRU486,4,15,2
487,Spectroscopie,SPEC487,4,15,2
488,Electrochimie,ELEC488,4,15,2
489,Liaisons Chimiques,LIAI489,4,15,3
490,Thermodynamique Chimique,THER490,4,15,3
491,Chimie des Solutions,CHIM491,4,15,3
492,Cinétique Chimique,CINÉ492,4,15,3
493,Chimie Organique I,CHIM493,4,15,3
494,Structure de la Matière,STRU494,4,15,3
495,Spectroscopie,SPEC495,4,15,4
496,Electrochimie,ELEC496,4,15,4
497,Liaisons Chimiques,LIAI497,4,15,4
498,Thermodynamique Chimique,THER498,4,15,4
499,Chimie des Solutions,CHIM499,4,15,4
500,Cinétique Chimique,CINÉ500,4,15,4
501,Chimie Organique I,CHIM501,4,15,5
502,Structure de la Matière,STRU502,4,15,5
503,Spectroscopie,SPEC503,4,15,5
504,Electrochimie,ELEC504,4,15,5
505,Liaisons Chimiques,LIAI505,4,15,5
506,Thermodynamique Chimique,THER506,4,15,5
507,Chimie des Solutions,CHIM507,4,15,6
508,Cinétique Chimique,CINÉ508,4,15,6
509,Chimie Organique I,CHIM509,4,15,6
510,Structure de la Matière,STRU510,4,15,6
511,Physiologie Animale,PHYS511,4,16,1
512,Ecologie Générale,ECOL512,4,16,1
513,Biologie Cellulaire,BIOL513,4,16,1
514,Biochimie Structurale,BIOC514,4,16,1
515,Botanique,BOTA515,4,16,1
516,Zoologie,ZOOL516,4,16,1
517,Immunologie,IMMU517,4,16,2
518,Microbiologie,MICR518,4,16,2
519,Physiologie Animale,PHYS519,4,16,2
520,Ecologie Générale,ECOL520,4,16,2
521,Biologie Cellulaire,BIOL521,4,16,2
522,Biochimie Structurale,BIOC522,4,16,2
523,Botanique,BOTA523,4,16,3
524,Zoologie,ZOOL524,4,16,3
525,Immunologie,IMMU525,4,16,3
526,Microbiologie,MICR526,4,16,3
527,Physiologie Animale,PHYS527,4,16,3
528,Ecologie Générale,ECOL528,4,16,3
529,Biologie Cellulaire,BIOL529,4,16,4
530,Biochimie Structurale,BIOC530,4,16,4
531,Botanique,BOTA531,4,16,4
532,Zoologie,ZOOL532,4,16,4
533,Immunologie,IMMU533,4,16,4
534,Microbiologie,MICR534,4,16,4
535,Physiologie Animale,PHYS535,4,16,5
536,Ecologie Générale,ECOL536,4,16,5
537,Biologie Cellulaire,BIOL537,4,16,5
538,Biochimie Structurale,BIOC538,4,16,5
539,Botanique,BOTA539,4,16,5
540,Zoologie,ZOOL540,4,16,5
541,Immunologie,IMMU541,4,16,6
542,Microbiologie,MICR542,4,16,6
543,Physiologie Animale,PHYS543,4,16,6
544,Ecologie Générale,ECOL544,4,16,6
545,Stratigraphie,STRA545,4,17,1
546,Pétrographie,PÉTR546,4,17,1
547,Paléontologie,PALÉ547,4,17,1
548,Tectonique,TECT548,4,17,1
549,Minéralogie,MINÉ549,4,17,1
550,Géophysique,GÉOP550,4,17,1
551,Sédimentologie,SÉDI551,4,17,2
552,Cartographie,CART552,4,17,2
553,Stratigraphie,STRA553,4,17,2
554,Pétrographie,PÉTR554,4,17,2
555,Paléontologie,PALÉ555,4,17,2
556,Tectonique,TECT556,4,17,2
557,Minéralogie,MINÉ557,4,17,3
558,Géophysique,GÉOP558,4,17,3
559,Sédimentologie,SÉDI559,4,17,3
560,Cartographie,CART560,4,17,3
561,Stratigraphie,STRA561,4,17,3
562,Pétrographie,PÉTR562,4,17,3
563,Paléontologie,PALÉ563,4,17,4
564,Tectonique,TECT564,4,17,4
565,Minéralogie,MINÉ565,4,17,4
566,Géophysique,GÉOP566,4,17,4
567,Sédimentologie,SÉDI567,4,17,4
568,Cartographie,CART568,4,17,4
569,Stratigraphie,STRA569,4,17,5
570,Pétrographie,PÉTR570,4,17,5
571,Paléontologie,PALÉ571,4,17,5
572,Tectonique,TECT572,4,17,5
573,Minéralogie,MINÉ573,4,17,5
574,Géophysique,GÉOP574,4,17,5
575,Sédimentologie,SÉDI575,4,17,6
576,Cartographie,CART576,4,17,6
577,Stratigraphie,STRA577,4,17,6
578,Pétrographie,PÉTR578,4,17,6
579,Routes et Voiries,ROUT579,4,18,1
580,Topographie,TOPO580,4,18,1
581,Matériaux de Construction,MATÉ581,4,18,1
582,Résistance des Matériaux,RÉSI582,4,18,1
583,Mécanique des Sols,MÉCA583,4,18,1
584,Béton Armé,BÉTO584,4,18,1
585,Charpente Métallique,CHAR585,4,18,2
586,Routes et Voiries,ROUT586,4,18,2
587,Topographie,TOPO587,4,18,2
588,Matériaux de Construction,MATÉ588,4,18,2
589,Résistance des Matériaux,RÉSI589,4,18,2
590,Mécanique des Sols,MÉCA590,4,18,2
591,Béton Armé,BÉTO591,4,18,3
592,Charpente Métallique,CHAR592,4,18,3
593,Routes et Voiries,ROUT593,4,18,3
594,Topographie,TOPO594,4,18,3
595,Matériaux de Construction,MATÉ595,4,18,3
596,Résistance des Matériaux,RÉSI596,4,18,3
597,Mécanique des Sols,MÉCA597,4,18,4
598,Béton Armé,BÉTO598,4,18,4
599,Charpente Métallique,CHAR599,4,18,4
600,Routes et Voiries,ROUT600,4,18,4
601,Topographie,TOPO601,4,18,4
602,Matériaux de Construction,MATÉ602,4,18,4
603,Résistance des Matériaux,RÉSI603,4,18,5
604,Mécanique des Sols,MÉCA604,4,18,5
605,Béton Armé,BÉTO605,4,18,5
606,Charpente Métallique,CHAR606,4,18,5
607,Routes et Voiries,ROUT607,4,18,5
608,Topographie,TOPO608,4,18,5
609,Matériaux de Construction,MATÉ609,4,18,6
610,Résistance des Matériaux,RÉSI610,4,18,6
611,Mécanique des Sols,MÉCA611,4,18,6
612,Béton Armé,BÉTO612,4,18,6
613,Traitement du Signal,TRAI613,4,19,1
614,Microprocesseurs,MICR614,4,19,1
615,Électronique de Puissance,ÉLEC615,4,19,1
616,Asservissements,ASSE616,4,19,1
617,Circuits Électriques,CIRC617,4,19,1
618,Logique Combinatoire,LOGI618,4,19,1
619,Machines Électriques,MACH619,4,19,2
620,Traitement du Signal,TRAI620,4,19,2
621,Microprocesseurs,MICR621,4,19,2
622,Électronique de Puissance,ÉLEC622,4,19,2
623,Asservissements,ASSE623,4,19,2
624,Circuits Électriques,CIRC624,4,19,2
625,Logique Combinatoire,LOGI625,4,19,3
626,Machines Électriques,MACH626,4,19,3
627,Traitement du Signal,TRAI627,4,19,3
628,Microprocesseurs,MICR628,4,19,3
629,Électronique de Puissance,ÉLEC629,4,19,3
630,Asservissements,ASSE630,4,19,3
631,Circuits Électriques,CIRC631,4,19,4
632,Logique Combinatoire,LOGI632,4,19,4
633,Machines Électriques,MACH633,4,19,4
634,Traitement du Signal,TRAI634,4,19,4
635,Microprocesseurs,MICR635,4,19,4
636,Électronique de Puissance,ÉLEC636,4,19,4
637,Asservissements,ASSE637,4,19,5
638,Circuits Électriques,CIRC638,4,19,5
639,Logique Combinatoire,LOGI639,4,19,5
640,Machines Électriques,MACH640,4,19,5
641,Traitement du Signal,TRAI641,4,19,5
642,Microprocesseurs,MICR642,4,19,5
643,Électronique de Puissance,ÉLEC643,4,19,6
644,Asservissements,ASSE644,4,19,6
645,Circuits Électriques,CIRC645,4,19,6
646,Logique Combinatoire,LOGI646,4,19,6
647,Transferts Thermiques,TRAN647,4,20,1
648,Moteurs thermiques,MOTE648,4,20,1
649,Dessin Industriel,DESS649,4,20,1
650,Mécanique des Solides,MÉCA650,4,20,1
651,Dynamique des Systèmes,DYNA651,4,20,1
652,Science des Matériaux,SCIE652,4,20,1
653,Transferts Thermiques,TRAN653,4,20,2
654,Moteurs thermiques,MOTE654,4,20,2
655,Dessin Industriel,DESS655,4,20,2
656,Mécanique des Solides,MÉCA656,4,20,2
657,Dynamique des Systèmes,DYNA657,4,20,2
658,Science des Matériaux,SCIE658,4,20,2
659,Transferts Thermiques,TRAN659,4,20,3
660,Moteurs thermiques,MOTE660,4,20,3
661,Dessin Industriel,DESS661,4,20,3
662,Mécanique des Solides,MÉCA662,4,20,3
663,Dynamique des Systèmes,DYNA663,4,20,3
664,Science des Matériaux,SCIE664,4,20,3
665,Transferts Thermiques,TRAN665,4,20,4
666,Moteurs thermiques,MOTE666,4,20,4
667,Dessin Industriel,DESS667,4,20,4
668,Mécanique des Solides,MÉCA668,4,20,4
669,Dynamique des Systèmes,DYNA669,4,20,4
670,Science des Matériaux,SCIE670,4,20,4
671,Transferts Thermiques,TRAN671,4,20,5
672,Moteurs thermiques,MOTE672,4,20,5
673,Dessin Industriel,DESS673,4,20,5
674,Mécanique des Solides,MÉCA674,4,20,5
675,Dynamique des Systèmes,DYNA675,4,20,5
676,Science des Matériaux,SCIE676,4,20,5
677,Transferts Thermiques,TRAN677,4,20,6
678,Moteurs thermiques,MOTE678,4,20,6
679,Dessin Industriel,DESS679,4,20,6
680,Mécanique des Solides,MÉCA680,4,20,6
681,Histoire des Faits Économiques,HIST681,4,21,1
682,Mathématiques pour l'Économie,MATH682,4,21,1
683,Économie de l'Entreprise,ÉCON683,4,21,1
684,Comptabilité Nationale,COMP684,4,21,1
685,Microéconomie,MICR685,4,21,1
686,Macroéconomie,MACR686,4,21,1
687,Histoire des Faits Économiques,HIST687,4,21,2
688,Mathématiques pour l'Économie,MATH688,4,21,2
689,Économie de l'Entreprise,ÉCON689,4,21,2
690,Comptabilité Nationale,COMP690,4,21,2
691,Microéconomie,MICR691,4,21,2
692,Macroéconomie,MACR692,4,21,2
693,Histoire des Faits Économiques,HIST693,4,21,3
694,Mathématiques pour l'Économie,MATH694,4,21,3
695,Économie de l'Entreprise,ÉCON695,4,21,3
696,Comptabilité Nationale,COMP696,4,21,3
697,Microéconomie,MICR697,4,21,3
698,Macroéconomie,MACR698,4,21,3
699,Histoire des Faits Économiques,HIST699,4,21,4
700,Mathématiques pour l'Économie,MATH700,4,21,4
701,Économie de l'Entreprise,ÉCON701,4,21,4
702,Comptabilité Nationale,COMP702,4,21,4
703,Microéconomie,MICR703,4,21,4
704,Macroéconomie,MACR704,4,21,4
705,Histoire des Faits Économiques,HIST705,4,21,5
706,Mathématiques pour l'Économie,MATH706,4,21,5
707,Économie de l'Entreprise,ÉCON707,4,21,5
708,Comptabilité Nationale,COMP708,4,21,5
709,Microéconomie,MICR709,4,21,5
710,Macroéconomie,MACR710,4,21,5
711,Histoire des Faits Économiques,HIST711,4,21,6
712,Mathématiques pour l'Économie,MATH712,4,21,6
713,Économie de l'Entreprise,ÉCON713,4,21,6
714,Comptabilité Nationale,COMP714,4,21,6
715,Théorie des Organisations,THÉO715,4,22,1
716,Comptabilité Générale,COMP716,4,22,1
717,Droit des Affaires,DROI717,4,22,1
718,Audit Financier,AUDI718,4,22,1
719,Gestion de Projet,GEST719,4,22,1
720,Comportement du Consommateur,COMP720,4,22,1
721,Théorie des Organisations,THÉO721,4,22,2
722,Comptabilité Générale,COMP722,4,22,2
723,Droit des Affaires,DROI723,4,22,2
724,Audit Financier,AUDI724,4,22,2
725,Gestion de Projet,GEST725,4,22,2
726,Comportement du Consommateur,COMP726,4,22,2
727,Théorie des Organisations,THÉO727,4,22,3
728,Comptabilité Générale,COMP728,4,22,3
729,Droit des Affaires,DROI729,4,22,3
730,Audit Financier,AUDI730,4,22,3
731,Gestion de Projet,GEST731,4,22,3
732,Comportement du Consommateur,COMP732,4,22,3
733,Théorie des Organisations,THÉO733,4,22,4
734,Comptabilité Générale,COMP734,4,22,4
735,Droit des Affaires,DROI735,4,22,4
736,Audit Financier,AUDI736,4,22,4
737,Gestion de Projet,GEST737,4,22,4
738,Comportement du Consommateur,COMP738,4,22,4
739,Théorie des Organisations,THÉO739,4,22,5
740,Comptabilité Générale,COMP740,4,22,5
741,Droit des Affaires,DROI741,4,22,5
742,Audit Financier,AUDI742,4,22,5
743,Gestion de Projet,GEST743,4,22,5
744,Comportement du Consommateur,COMP744,4,22,5
745,Théorie des Organisations,THÉO745,4,22,6
746,Comptabilité Générale,COMP746,4,22,6
747,Droit des Affaires,DROI747,4,22,6
748,Audit Financier,AUDI748,4,22,6
749,Phonétique,PHON749,4,23,1
750,Techniques d'Expression,TECH750,4,23,1
751,Grammaire Française,GRAM751,4,23,1
752,Compréhension Orale,COMP752,4,23,1
753,Expression Écrite,EXPR753,4,23,1
754,Cultures et Civilisations,CULT754,4,23,1
755,Phonétique,PHON755,4,23,2
756,Techniques d'Expression,TECH756,4,23,2
757,Grammaire Française,GRAM757,4,23,2
758,Compréhension Orale,COMP758,4,23,2
759,Expression Écrite,EXPR759,4,23,2
760,Cultures et Civilisations,CULT760,4,23,2
761,Phonétique,PHON761,4,23,3
762,Techniques d'Expression,TECH762,4,23,3
763,Grammaire Française,GRAM763,4,23,3
764,Compréhension Orale,COMP764,4,23,3
765,Expression Écrite,EXPR765,4,23,3
766,Cultures et Civilisations,CULT766,4,23,3
767,Phonétique,PHON767,4,23,4
768,Techniques d'Expression,TECH768,4,23,4
769,Grammaire Française,GRAM769,4,23,4
770,Compréhension Orale,COMP770,4,23,4
771,Expression Écrite,EXPR771,4,23,4
772,Cultures et Civilisations,CULT772,4,23,4
773,Phonétique,PHON773,4,23,5
774,Techniques d'Expression,TECH774,4,23,5
775,Grammaire Française,GRAM775,4,23,5
776,Compréhension Orale,COMP776,4,23,5
777,Expression Écrite,EXPR777,4,23,5
778,Cultures et Civilisations,CULT778,4,23,5
779,Phonétique,PHON779,4,23,6
780,Techniques d'Expression,TECH780,4,23,6
781,Grammaire Française,GRAM781,4,23,6
782,Compréhension Orale,COMP782,4,23,6
783,Systèmes d'Exploitation,SYST783,4,24,1
784,Réseaux,RÉSE784,4,24,1
785,Bases de Données,BASE785,4,24,1
786,Développement Web,DÉVE786,4,24,1
787,Théorie des Graphes,THÉO787,4,24,1
788,Compilation,COMP788,4,24,1
789,Architecture des Ordinateurs,ARCH789,4,24,2
790,Génie Logiciel,GÉNI790,4,24,2
791,Interface Homme-Machine,INTE791,4,24,2
792,Sécurité Réseaux,SÉCU792,4,24,2
793,Algorithmique,ALGO793,4,24,2
794,Structures de Données,STRU794,4,24,2
795,Systèmes d'Exploitation,SYST795,4,24,3
796,Réseaux,RÉSE796,4,24,3
797,Bases de Données,BASE797,4,24,3
798,Développement Web,DÉVE798,4,24,3
799,Théorie des Graphes,THÉO799,4,24,3
800,Compilation,COMP800,4,24,3
801,Architecture des Ordinateurs,ARCH801,4,24,4
802,Génie Logiciel,GÉNI802,4,24,4
803,Interface Homme-Machine,INTE803,4,24,4
804,Sécurité Réseaux,SÉCU804,4,24,4
805,Algorithmique,ALGO805,4,24,4
806,Structures de Données,STRU806,4,24,4
807,Systèmes d'Exploitation,SYST807,4,24,5
808,Réseaux,RÉSE808,4,24,5
809,Bases de Données,BASE809,4,24,5
810,Développement Web,DÉVE810,4,24,5
811,Théorie des Graphes,THÉO811,4,24,5
812,Compilation,COMP812,4,24,5
813,Architecture des Ordinateurs,ARCH813,4,24,6
814,Génie Logiciel,GÉNI814,4,24,6
815,Interface Homme-Machine,INTE815,4,24,6
816,Sécurité Réseaux,SÉCU816,4,24,6
817,Analyse Complexe,ANAL817,4,25,1
818,Géométrie Différentielle,GÉOM818,4,25,1
819,Théorie des Nombres,THÉO819,4,25,1
820,Optimisation,OPTI820,4,25,1
821,Analyse I,ANAL821,4,25,1
822,Algèbre Linéaire,ALGÈ822,4,25,1
823,Topologie,TOPO823,4,25,2
824,Calcul Différentiel,CALC824,4,25,2
825,Probabilités I,PROB825,4,25,2
826,Statistiques Inférencielles,STAT826,4,25,2
827,Analyse Complexe,ANAL827,4,25,2
828,Géométrie Différentielle,GÉOM828,4,25,2
829,Théorie des Nombres,THÉO829,4,25,3
830,Optimisation,OPTI830,4,25,3
831,Analyse I,ANAL831,4,25,3
832,Algèbre Linéaire,ALGÈ832,4,25,3
833,Topologie,TOPO833,4,25,3
834,Calcul Différentiel,CALC834,4,25,3
835,Probabilités I,PROB835,4,25,4
836,Statistiques Inférencielles,STAT836,4,25,4
837,Analyse Complexe,ANAL837,4,25,4
838,Géométrie Différentielle,GÉOM838,4,25,4
839,Théorie des Nombres,THÉO839,4,25,4
840,Optimisation,OPTI840,4,25,4
841,Analyse I,ANAL841,4,25,5
842,Algèbre Linéaire,ALGÈ842,4,25,5
843,Topologie,TOPO843,4,25,5
844,Calcul Différentiel,CALC844,4,25,5
845,Probabilités I,PROB845,4,25,5
846,Statistiques Inférencielles,STAT846,4,25,5
847,Analyse Complexe,ANAL847,4,25,6
848,Géométrie Différentielle,GÉOM848,4,25,6
849,Théorie des Nombres,THÉO849,4,25,6
850,Optimisation,OPTI850,4,25,6
851,Physique Quantique,PHYS851,4,26,1
852,Électronique Analogique,ÉLEC852,4,26,1
853,Mécanique des Fluides,MÉCA853,4,26,1
854,Physique Nucléaire,PHYS854,4,26,1
855,Relativité,RELA855,4,26,1
856,Mécanique du Point,MÉCA856,4,26,1
857,Thermodynamique,THER857,4,26,2
858,Électromagnétisme,ÉLEC858,4,26,2
859,Optique Géométrique,OPTI859,4,26,2
860,Physique Quantique,PHYS860,4,26,2
861,Électronique Analogique,ÉLEC861,4,26,2
862,Mécanique des Fluides,MÉCA862,4,26,2
863,Physique Nucléaire,PHYS863,4,26,3
864,Relativité,RELA864,4,26,3
865,Mécanique du Point,MÉCA865,4,26,3
866,Thermodynamique,THER866,4,26,3
867,Électromagnétisme,ÉLEC867,4,26,3
868,Optique Géométrique,OPTI868,4,26,3
869,Physique Quantique,PHYS869,4,26,4
870,Électronique Analogique,ÉLEC870,4,26,4
871,Mécanique des Fluides,MÉCA871,4,26,4
872,Physique Nucléaire,PHYS872,4,26,4
873,Relativité,RELA873,4,26,4
874,Mécanique du Point,MÉCA874,4,26,4
875,Thermodynamique,THER875,4,26,5
876,Électromagnétisme,ÉLEC876,4,26,5
877,Optique Géométrique,OPTI877,4,26,5
878,Physique Quantique,PHYS878,4,26,5
879,Électronique Analogique,ÉLEC879,4,26,5
880,Mécanique des Fluides,MÉCA880,4,26,5
881,Physique Nucléaire,PHYS881,4,26,6
882,Relativité,RELA882,4,26,6
883,Mécanique du Point,MÉCA883,4,26,6
884,Thermodynamique,THER884,4,26,6
885,Chimie Organique I,CHIM885,4,27,1
886,Structure de la Matière,STRU886,4,27,1
887,Spectroscopie,SPEC887,4,27,1
888,Electrochimie,ELEC888,4,27,1
889,Liaisons Chimiques,LIAI889,4,27,1
890,Thermodynamique Chimique,THER890,4,27,1
891,Chimie des Solutions,CHIM891,4,27,2
892,Cinétique Chimique,CINÉ892,4,27,2
893,Chimie Organique I,CHIM893,4,27,2
894,Structure de la Matière,STRU894,4,27,2
895,Spectroscopie,SPEC895,4,27,2
896,Electrochimie,ELEC896,4,27,2
897,Liaisons Chimiques,LIAI897,4,27,3
898,Thermodynamique Chimique,THER898,4,27,3
899,Chimie des Solutions,CHIM899,4,27,3
900,Cinétique Chimique,CINÉ900,4,27,3
901,Chimie Organique I,CHIM901,4,27,3
902,Structure de la Matière,STRU902,4,27,3
903,Spectroscopie,SPEC903,4,27,4
904,Electrochimie,ELEC904,4,27,4
905,Liaisons Chimiques,LIAI905,4,27,4
906,Thermodynamique Chimique,THER906,4,27,4
907,Chimie des Solutions,CHIM907,4,27,4
908,Cinétique Chimique,CINÉ908,4,27,4
909,Chimie Organique I,CHIM909,4,27,5
910,Structure de la Matière,STRU910,4,27,5
911,Spectroscopie,SPEC911,4,27,5
912,Electrochimie,ELEC912,4,27,5
913,Liaisons Chimiques,LIAI913,4,27,5
914,Thermodynamique Chimique,THER914,4,27,5
915,Chimie des Solutions,CHIM915,4,27,6
916,Cinétique Chimique,CINÉ916,4,27,6
917,Chimie Organique I,CHIM917,4,27,6
918,Structure de la Matière,STRU918,4,27,6
919,Physiologie Animale,PHYS919,4,28,1
920,Ecologie Générale,ECOL920,4,28,1
921,Biologie Cellulaire,BIOL921,4,28,1
922,Biochimie Structurale,BIOC922,4,28,1
923,Botanique,BOTA923,4,28,1
924,Zoologie,ZOOL924,4,28,1
925,Immunologie,IMMU925,4,28,2
926,Microbiologie,MICR926,4,28,2
927,Physiologie Animale,PHYS927,4,28,2
928,Ecologie Générale,ECOL928,4,28,2
929,Biologie Cellulaire,BIOL929,4,28,2
930,Biochimie Structurale,BIOC930,4,28,2
931,Botanique,BOTA931,4,28,3
932,Zoologie,ZOOL932,4,28,3
933,Immunologie,IMMU933,4,28,3
934,Microbiologie,MICR934,4,28,3
935,Physiologie Animale,PHYS935,4,28,3
936,Ecologie Générale,ECOL936,4,28,3
937,Biologie Cellulaire,BIOL937,4,28,4
938,Biochimie Structurale,BIOC938,4,28,4
939,Botanique,BOTA939,4,28,4
940,Zoologie,ZOOL940,4,28,4
941,Immunologie,IMMU941,4,28,4
942,Microbiologie,MICR942,4,28,4
943,Physiologie Animale,PHYS943,4,28,5
944,Ecologie Générale,ECOL944,4,28,5
945,Biologie Cellulaire,BIOL945,4,28,5
946,Biochimie Structurale,BIOC946,4,28,5
947,Botanique,BOTA947,4,28,5
948,Zoologie,ZOOL948,4,28,5
949,Immunologie,IMMU949,4,28,6
950,Microbiologie,MICR950,4,28,6
951,Physiologie Animale,PHYS951,4,28,6
952,Ecologie Générale,ECOL952,4,28,6
953,Stratigraphie,STRA953,4,29,1
954,Pétrographie,PÉTR954,4,29,1
955,Paléontologie,PALÉ955,4,29,1
956,Tectonique,TECT956,4,29,1
957,Minéralogie,MINÉ957,4,29,1
958,Géophysique,GÉOP958,4,29,1
959,Sédimentologie,SÉDI959,4,29,2
960,Cartographie,CART960,4,29,2
961,Stratigraphie,STRA961,4,29,2
962,Pétrographie,PÉTR962,4,29,2
963,Paléontologie,PALÉ963,4,29,2
964,Tectonique,TECT964,4,29,2
965,Minéralogie,MINÉ965,4,29,3
966,Géophysique,GÉOP966,4,29,3
967,Sédimentologie,SÉDI967,4,29,3
968,Cartographie,CART968,4,29,3
969,Stratigraphie,STRA969,4,29,3
970,Pétrographie,PÉTR970,4,29,3
971,Paléontologie,PALÉ971,4,29,4
972,Tectonique,TECT972,4,29,4
973,Minéralogie,MINÉ973,4,29,4
974,Géophysique,GÉOP974,4,29,4
975,Sédimentologie,SÉDI975,4,29,4
976,Cartographie,CART976,4,29,4
977,Stratigraphie,STRA977,4,29,5
978,Pétrographie,PÉTR978,4,29,5
979,Paléontologie,PALÉ979,4,29,5
980,Tectonique,TECT980,4,29,5
981,Minéralogie,MINÉ981,4,29,5
982,Géophysique,GÉOP982,4,29,5
983,Sédimentologie,SÉDI983,4,29,6
984,Cartographie,CART984,4,29,6
985,Stratigraphie,STRA985,4,29,6
986,Pétrographie,PÉTR986,4,29,6
987,Matériaux de Construction,MATÉ987,4,30,1
988,Résistance des Matériaux,RÉSI988,4,30,1
989,Mécanique des Sols,MÉCA989,4,30,1
990,Béton Armé,BÉTO990,4,30,1
991,Charpente Métallique,CHAR991,4,30,1
992,Routes et Voiries,ROUT992,4,30,1
993,Topographie,TOPO993,4,30,2
994,Matériaux de Construction,MATÉ994,4,30,2
995,Résistance des Matériaux,RÉSI995,4,30,2
996,Mécanique des Sols,MÉCA996,4,30,2
997,Béton Armé,BÉTO997,4,30,2
998,Charpente Métallique,CHAR998,4,30,2
999,Routes et Voiries,ROUT999,4,30,3
1000,Topographie,TOPO1000,4,30,3
1001,Matériaux de Construction,MATÉ1001,4,30,3
1002,Résistance des Matériaux,RÉSI1002,4,30,3
1003,Mécanique des Sols,MÉCA1003,4,30,3
1004,Béton Armé,BÉTO1004,4,30,3
1005,Charpente Métallique,CHAR1005,4,30,4
1006,Routes et Voiries,ROUT1006,4,30,4
1007,Topographie,TOPO1007,4,30,4
1008,Matériaux de Construction,MATÉ1008,4,30,4
1009,Résistance des Matériaux,RÉSI1009,4,30,4
1010,Mécanique des Sols,MÉCA1010,4,30,4
1011,Béton Armé,BÉTO1011,4,30,5
1012,Charpente Métallique,CHAR1012,4,30,5
1013,Routes et Voiries,ROUT1013,4,30,5
1014,Topographie,TOPO1014,4,30,5
1015,Matériaux de Construction,MATÉ1015,4,30,5
1016,Résistance des Matériaux,RÉSI1016,4,30,5
1017,Mécanique des Sols,MÉCA1017,4,30,6
1018,Béton Armé,BÉTO1018,4,30,6
1019,Charpente Métallique,CHAR1019,4,30,6
1020,Routes et Voiries,ROUT1020,4,30,6
1021,Électronique de Puissance,ÉLEC1021,4,31,1
1022,Asservissements,ASSE1022,4,31,1
1023,Circuits Électriques,CIRC1023,4,31,1
1024,Logique Combinatoire,LOGI1024,4,31,1
1025,Machines Électriques,MACH1025,4,31,1
1026,Traitement du Signal,TRAI1026,4,31,1
1027,Microprocesseurs,MICR1027,4,31,2
1028,Électronique de Puissance,ÉLEC1028,4,31,2
1029,Asservissements,ASSE1029,4,31,2
1030,Circuits Électriques,CIRC1030,4,31,2
1031,Logique Combinatoire,LOGI1031,4,31,2
1032,Machines Électriques,MACH1032,4,31,2
1033,Traitement du Signal,TRAI1033,4,31,3
1034,Microprocesseurs,MICR1034,4,31,3
1035,Électronique de Puissance,ÉLEC1035,4,31,3
1036,Asservissements,ASSE1036,4,31,3
1037,Circuits Électriques,CIRC1037,4,31,3
1038,Logique Combinatoire,LOGI1038,4,31,3
1039,Machines Électriques,MACH1039,4,31,4
1040,Traitement du Signal,TRAI1040,4,31,4
1041,Microprocesseurs,MICR1041,4,31,4
1042,Électronique de Puissance,ÉLEC1042,4,31,4
1043,Asservissements,ASSE1043,4,31,4
1044,Circuits Électriques,CIRC1044,4,31,4
1045,Logique Combinatoire,LOGI1045,4,31,5
1046,Machines Électriques,MACH1046,4,31,5
1047,Traitement du Signal,TRAI1047,4,31,5
1048,Microprocesseurs,MICR1048,4,31,5
1049,Électronique de Puissance,ÉLEC1049,4,31,5
1050,Asservissements,ASSE1050,4,31,5
1051,Circuits Électriques,CIRC1051,4,31,6
1052,Logique Combinatoire,LOGI1052,4,31,6
1053,Machines Électriques,MACH1053,4,31,6
1054,Traitement du Signal,TRAI1054,4,31,6
1055,Transferts Thermiques,TRAN1055,4,32,1
1056,Moteurs thermiques,MOTE1056,4,32,1
1057,Dessin Industriel,DESS1057,4,32,1
1058,Mécanique des Solides,MÉCA1058,4,32,1
1059,Dynamique des Systèmes,DYNA1059,4,32,1
1060,Science des Matériaux,SCIE1060,4,32,1
1061,Transferts Thermiques,TRAN1061,4,32,2
1062,Moteurs thermiques,MOTE1062,4,32,2
1063,Dessin Industriel,DESS1063,4,32,2
1064,Mécanique des Solides,MÉCA1064,4,32,2
1065,Dynamique des Systèmes,DYNA1065,4,32,2
1066,Science des Matériaux,SCIE1066,4,32,2
1067,Transferts Thermiques,TRAN1067,4,32,3
1068,Moteurs thermiques,MOTE1068,4,32,3
1069,Dessin Industriel,DESS1069,4,32,3
1070,Mécanique des Solides,MÉCA1070,4,32,3
1071,Dynamique des Systèmes,DYNA1071,4,32,3
1072,Science des Matériaux,SCIE1072,4,32,3
1073,Transferts Thermiques,TRAN1073,4,32,4
1074,Moteurs thermiques,MOTE1074,4,32,4
1075,Dessin Industriel,DESS1075,4,32,4
1076,Mécanique des Solides,MÉCA1076,4,32,4
1077,Dynamique des Systèmes,DYNA1077,4,32,4
1078,Science des Matériaux,SCIE1078,4,32,4
1079,Transferts Thermiques,TRAN1079,4,32,5
1080,Moteurs thermiques,MOTE1080,4,32,5
1081,Dessin Industriel,DESS1081,4,32,5
1082,Mécanique des Solides,MÉCA1082,4,32,5
1083,Dynamique des Systèmes,DYNA1083,4,32,5
1084,Science des Matériaux,SCIE1084,4,32,5
1085,Transferts Thermiques,TRAN1085,4,32,6
1086,Moteurs thermiques,MOTE1086,4,32,6
1087,Dessin Industriel,DESS1087,4,32,6
1088,Mécanique des Solides,MÉCA1088,4,32,6
1089,Histoire des Faits Économiques,HIST1089,4,33,1
1090,Mathématiques pour l'Économie,MATH1090,4,33,1
1091,Économie de l'Entreprise,ÉCON1091,4,33,1
1092,Comptabilité Nationale,COMP1092,4,33,1
1093,Microéconomie,MICR1093,4,33,1
1094,Macroéconomie,MACR1094,4,33,1
1095,Histoire des Faits Économiques,HIST1095,4,33,2
1096,Mathématiques pour l'Économie,MATH1096,4,33,2
1097,Économie de l'Entreprise,ÉCON1097,4,33,2
1098,Comptabilité Nationale,COMP1098,4,33,2
1099,Microéconomie,MICR1099,4,33,2
1100,Macroéconomie,MACR1100,4,33,2
1101,Histoire des Faits Économiques,HIST1101,4,33,3
1102,Mathématiques pour l'Économie,MATH1102,4,33,3
1103,Économie de l'Entreprise,ÉCON1103,4,33,3
1104,Comptabilité Nationale,COMP1104,4,33,3
1105,Microéconomie,MICR1105,4,33,3
1106,Macroéconomie,MACR1106,4,33,3
1107,Histoire des Faits Économiques,HIST1107,4,33,4
1108,Mathématiques pour l'Économie,MATH1108,4,33,4
1109,Économie de l'Entreprise,ÉCON1109,4,33,4
1110,Comptabilité Nationale,COMP1110,4,33,4
1111,Microéconomie,MICR1111,4,33,4
1112,Macroéconomie,MACR1112,4,33,4
1113,Histoire des Faits Économiques,HIST1113,4,33,5
1114,Mathématiques pour l'Économie,MATH1114,4,33,5
1115,Économie de l'Entreprise,ÉCON1115,4,33,5
1116,Comptabilité Nationale,COMP1116,4,33,5
1117,Microéconomie,MICR1117,4,33,5
1118,Macroéconomie,MACR1118,4,33,5
1119,Histoire des Faits Économiques,HIST1119,4,33,6
1120,Mathématiques pour l'Économie,MATH1120,4,33,6
1121,Économie de l'Entreprise,ÉCON1121,4,33,6
1122,Comptabilité Nationale,COMP1122,4,33,6
1123,Théorie des Organisations,THÉO1123,4,34,1
1124,Comptabilité Générale,COMP1124,4,34,1
1125,Droit des Affaires,DROI1125,4,34,1
1126,Audit Financier,AUDI1126,4,34,1
1127,Gestion de Projet,GEST1127,4,34,1
1128,Comportement du Consommateur,COMP1128,4,34,1
1129,Théorie des Organisations,THÉO1129,4,34,2
1130,Comptabilité Générale,COMP1130,4,34,2
1131,Droit des Affaires,DROI1131,4,34,2
1132,Audit Financier,AUDI1132,4,34,2
1133,Gestion de Projet,GEST1133,4,34,2
1134,Comportement du Consommateur,COMP1134,4,34,2
1135,Théorie des Organisations,THÉO1135,4,34,3
1136,Comptabilité Générale,COMP1136,4,34,3
1137,Droit des Affaires,DROI1137,4,34,3
1138,Audit Financier,AUDI1138,4,34,3
1139,Gestion de Projet,GEST1139,4,34,3
1140,Comportement du Consommateur,COMP1140,4,34,3
1141,Théorie des Organisations,THÉO1141,4,34,4
1142,Comptabilité Générale,COMP1142,4,34,4
1143,Droit des Affaires,DROI1143,4,34,4
1144,Audit Financier,AUDI1144,4,34,4
1145,Gestion de Projet,GEST1145,4,34,4
1146,Comportement du Consommateur,COMP1146,4,34,4
1147,Théorie des Organisations,THÉO1147,4,34,5
1148,Comptabilité Générale,COMP1148,4,34,5
1149,Droit des Affaires,DROI1149,4,34,5
1150,Audit Financier,AUDI1150,4,34,5
1151,Gestion de Projet,GEST1151,4,34,5
1152,Comportement du Consommateur,COMP1152,4,34,5
1153,Théorie des Organisations,THÉO1153,4,34,6
1154,Comptabilité Générale,COMP1154,4,34,6
1155,Droit des Affaires,DROI1155,4,34,6
1156,Audit Financier,AUDI1156,4,34,6
1157,Phonétique,PHON1157,4,35,1
1158,Techniques d'Expression,TECH1158,4,35,1
1159,Grammaire Française,GRAM1159,4,35,1
1160,Compréhension Orale,COMP1160,4,35,1
1161,Expression Écrite,EXPR1161,4,35,1
1162,Cultures et Civilisations,CULT1162,4,35,1
1163,Phonétique,PHON1163,4,35,2
1164,Techniques d'Expression,TECH1164,4,35,2
1165,Grammaire Française,GRAM1165,4,35,2
1166,Compréhension Orale,COMP1166,4,35,2
1167,Expression Écrite,EXPR1167,4,35,2
1168,Cultures et Civilisations,CULT1168,4,35,2
1169,Phonétique,PHON1169,4,35,3
1170,Techniques d'Expression,TECH1170,4,35,3
1171,Grammaire Française,GRAM1171,4,35,3
1172,Compréhension Orale,COMP1172,4,35,3
1173,Expression Écrite,EXPR1173,4,35,3
1174,Cultures et Civilisations,CULT1174,4,35,3
1175,Phonétique,PHON1175,4,35,4
1176,Techniques d'Expression,TECH1176,4,35,4
1177,Grammaire Française,GRAM1177,4,35,4
1178,Compréhension Orale,COMP1178,4,35,4
1179,Expression Écrite,EXPR1179,4,35,4
1180,Cultures et Civilisations,CULT1180,4,35,4
1181,Phonétique,PHON1181,4,35,5
1182,Techniques d'Expression,TECH1182,4,35,5
1183,Grammaire Française,GRAM1183,4,35,5
1184,Compréhension Orale,COMP1184,4,35,5
1185,Expression Écrite,EXPR1185,4,35,5
1186,Cultures et Civilisations,CULT1186,4,35,5
1187,Phonétique,PHON1187,4,35,6
1188,Techniques d'Expression,TECH1188,4,35,6
1189,Grammaire Française,GRAM1189,4,35,6
1190,Compréhension Orale,COMP1190,4,35,6
1191,Systèmes d'Exploitation,SYST1191,4,36,1
1192,Réseaux,RÉSE1192,4,36,1
1193,Bases de Données,BASE1193,4,36,1
1194,Développement Web,DÉVE1194,4,36,1
1195,Théorie des Graphes,THÉO1195,4,36,1
1196,Compilation,COMP1196,4,36,1
1197,Architecture des Ordinateurs,ARCH1197,4,36,2
1198,Génie Logiciel,GÉNI1198,4,36,2
1199,Interface Homme-Machine,INTE1199,4,36,2
1200,Sécurité Réseaux,SÉCU1200,4,36,2
1201,Algorithmique,ALGO1201,4,36,2
1202,Structures de Données,STRU1202,4,36,2
1203,Systèmes d'Exploitation,SYST1203,4,36,3
1204,Réseaux,RÉSE1204,4,36,3
1205,Bases de Données,BASE1205,4,36,3
1206,Développement Web,DÉVE1206,4,36,3
1207,Théorie des Graphes,THÉO1207,4,36,3
1208,Compilation,COMP1208,4,36,3
1209,Architecture des Ordinateurs,ARCH1209,4,36,4
1210,Génie Logiciel,GÉNI1210,4,36,4
1211,Interface Homme-Machine,INTE1211,4,36,4
1212,Sécurité Réseaux,SÉCU1212,4,36,4
1213,Algorithmique,ALGO1213,4,36,4
1214,Structures de Données,STRU1214,4,36,4
1215,Systèmes d'Exploitation,SYST1215,4,36,5
1216,Réseaux,RÉSE1216,4,36,5
1217,Bases de Données,BASE1217,4,36,5
1218,Développement Web,DÉVE1218,4,36,5
1219,Théorie des Graphes,THÉO1219,4,36,5
1220,Compilation,COMP1220,4,36,5
1221,Architecture des Ordinateurs,ARCH1221,4,36,6
1222,Génie Logiciel,GÉNI1222,4,36,6
1223,Interface Homme-Machine,INTE1223,4,36,6
1224,Sécurité Réseaux,SÉCU1224,4,36,6
1225,Probabilités I,PROB1225,4,37,1
1226,Statistiques Inférencielles,STAT1226,4,37,1
1227,Analyse Complexe,ANAL1227,4,37,1
1228,Géométrie Différentielle,GÉOM1228,4,37,1
1229,Théorie des Nombres,THÉO1229,4,37,1
1230,Optimisation,OPTI1230,4,37,1
1231,Analyse I,ANAL1231,4,37,2
1232,Algèbre Linéaire,ALGÈ1232,4,37,2
1233,Topologie,TOPO1233,4,37,2
1234,Calcul Différentiel,CALC1234,4,37,2
1235,Probabilités I,PROB1235,4,37,2
1236,Statistiques Inférencielles,STAT1236,4,37,2
1237,Analyse Complexe,ANAL1237,4,37,3
1238,Géométrie Différentielle,GÉOM1238,4,37,3
1239,Théorie des Nombres,THÉO1239,4,37,3
1240,Optimisation,OPTI1240,4,37,3
1241,Analyse I,ANAL1241,4,37,3
1242,Algèbre Linéaire,ALGÈ1242,4,37,3
1243,Topologie,TOPO1243,4,37,4
1244,Calcul Différentiel,CALC1244,4,37,4
1245,Probabilités I,PROB1245,4,37,4
1246,Statistiques Inférencielles,STAT1246,4,37,4
1247,Analyse Complexe,ANAL1247,4,37,4
1248,Géométrie Différentielle,GÉOM1248,4,37,4
1249,Théorie des Nombres,THÉO1249,4,37,5
1250,Optimisation,OPTI1250,4,37,5
1251,Analyse I,ANAL1251,4,37,5
1252,Algèbre Linéaire,ALGÈ1252,4,37,5
1253,Topologie,TOPO1253,4,37,5
1254,Calcul Différentiel,CALC1254,4,37,5
1255,Probabilités I,PROB1255,4,37,6
1256,Statistiques Inférencielles,STAT1256,4,37,6
1257,Analyse Complexe,ANAL1257,4,37,6
1258,Géométrie Différentielle,GÉOM1258,4,37,6
1259,Physique Nucléaire,PHYS1259,4,38,1
1260,Relativité,RELA1260,4,38,1
1261,Mécanique du Point,MÉCA1261,4,38,1
1262,Thermodynamique,THER1262,4,38,1
1263,Électromagnétisme,ÉLEC1263,4,38,1
1264,Optique Géométrique,OPTI1264,4,38,1
1265,Physique Quantique,PHYS1265,4,38,2
1266,Électronique Analogique,ÉLEC1266,4,38,2
1267,Mécanique des Fluides,MÉCA1267,4,38,2
1268,Physique Nucléaire,PHYS1268,4,38,2
1269,Relativité,RELA1269,4,38,2
1270,Mécanique du Point,MÉCA1270,4,38,2
1271,Thermodynamique,THER1271,4,38,3
1272,Électromagnétisme,ÉLEC1272,4,38,3
1273,Optique Géométrique,OPTI1273,4,38,3
1274,Physique Quantique,PHYS1274,4,38,3
1275,Électronique Analogique,ÉLEC1275,4,38,3
1276,Mécanique des Fluides,MÉCA1276,4,38,3
1277,Physique Nucléaire,PHYS1277,4,38,4
1278,Relativité,RELA1278,4,38,4
1279,Mécanique du Point,MÉCA1279,4,38,4
1280,Thermodynamique,THER1280,4,38,4
1281,Électromagnétisme,ÉLEC1281,4,38,4
1282,Optique Géométrique,OPTI1282,4,38,4
1283,Physique Quantique,PHYS1283,4,38,5
1284,Électronique Analogique,ÉLEC1284,4,38,5
1285,Mécanique des Fluides,MÉCA1285,4,38,5
1286,Physique Nucléaire,PHYS1286,4,38,5
1287,Relativité,RELA1287,4,38,5
1288,Mécanique du Point,MÉCA1288,4,38,5
1289,Thermodynamique,THER1289,4,38,6
1290,Électromagnétisme,ÉLEC1290,4,38,6
1291,Optique Géométrique,OPTI1291,4,38,6
1292,Physique Quantique,PHYS1292,4,38,6
1293,Chimie Organique I,CHIM1293,4,39,1
1294,Structure de la Matière,STRU1294,4,39,1
1295,Spectroscopie,SPEC1295,4,39,1
1296,Electrochimie,ELEC1296,4,39,1
1297,Liaisons Chimiques,LIAI1297,4,39,1
1298,Thermodynamique Chimique,THER1298,4,39,1
1299,Chimie des Solutions,CHIM1299,4,39,2
1300,Cinétique Chimique,CINÉ1300,4,39,2
1301,Chimie Organique I,CHIM1301,4,39,2
1302,Structure de la Matière,STRU1302,4,39,2
1303,Spectroscopie,SPEC1303,4,39,2
1304,Electrochimie,ELEC1304,4,39,2
1305,Liaisons Chimiques,LIAI1305,4,39,3
1306,Thermodynamique Chimique,THER1306,4,39,3
1307,Chimie des Solutions,CHIM1307,4,39,3
1308,Cinétique Chimique,CINÉ1308,4,39,3
1309,Chimie Organique I,CHIM1309,4,39,3
1310,Structure de la Matière,STRU1310,4,39,3
1311,Spectroscopie,SPEC1311,4,39,4
1312,Electrochimie,ELEC1312,4,39,4
1313,Liaisons Chimiques,LIAI1313,4,39,4
1314,Thermodynamique Chimique,THER1314,4,39,4
1315,Chimie des Solutions,CHIM1315,4,39,4
1316,Cinétique Chimique,CINÉ1316,4,39,4
1317,Chimie Organique I,CHIM1317,4,39,5
1318,Structure de la Matière,STRU1318,4,39,5
1319,Spectroscopie,SPEC1319,4,39,5
1320,Electrochimie,ELEC1320,4,39,5
1321,Liaisons Chimiques,LIAI1321,4,39,5
1322,Thermodynamique Chimique,THER1322,4,39,5
1323,Chimie des Solutions,CHIM1323,4,39,6
1324,Cinétique Chimique,CINÉ1324,4,39,6
1325,Chimie Organique I,CHIM1325,4,39,6
1326,Structure de la Matière,STRU1326,4,39,6
1327,Physiologie Animale,PHYS1327,4,40,1
1328,Ecologie Générale,ECOL1328,4,40,1
1329,Biologie Cellulaire,BIOL1329,4,40,1
1330,Biochimie Structurale,BIOC1330,4,40,1
1331,Botanique,BOTA1331,4,40,1
1332,Zoologie,ZOOL1332,4,40,1
1333,Immunologie,IMMU1333,4,40,2
1334,Microbiologie,MICR1334,4,40,2
1335,Physiologie Animale,PHYS1335,4,40,2
1336,Ecologie Générale,ECOL1336,4,40,2
1337,Biologie Cellulaire,BIOL1337,4,40,2
1338,Biochimie Structurale,BIOC1338,4,40,2
1339,Botanique,BOTA1339,4,40,3
1340,Zoologie,ZOOL1340,4,40,3
1341,Immunologie,IMMU1341,4,40,3
1342,Microbiologie,MICR1342,4,40,3
1343,Physiologie Animale,PHYS1343,4,40,3
1344,Ecologie Générale,ECOL1344,4,40,3
1345,Biologie Cellulaire,BIOL1345,4,40,4
1346,Biochimie Structurale,BIOC1346,4,40,4
1347,Botanique,BOTA1347,4,40,4
1348,Zoologie,ZOOL1348,4,40,4
1349,Immunologie,IMMU1349,4,40,4
1350,Microbiologie,MICR1350,4,40,4
1351,Physiologie Animale,PHYS1351,4,40,5
1352,Ecologie Générale,ECOL1352,4,40,5
1353,Biologie Cellulaire,BIOL1353,4,40,5
1354,Biochimie Structurale,BIOC1354,4,40,5
1355,Botanique,BOTA1355,4,40,5
1356,Zoologie,ZOOL1356,4,40,5
1357,Immunologie,IMMU1357,4,40,6
1358,Microbiologie,MICR1358,4,40,6
1359,Physiologie Animale,PHYS1359,4,40,6
1360,Ecologie Générale,ECOL1360,4,40,6
1361,Stratigraphie,STRA1361,4,41,1
1362,Pétrographie,PÉTR1362,4,41,1
1363,Paléontologie,PALÉ1363,4,41,1
1364,Tectonique,TECT1364,4,41,1
1365,Minéralogie,MINÉ1365,4,41,1
1366,Géophysique,GÉOP1366,4,41,1
1367,Sédimentologie,SÉDI1367,4,41,2
1368,Cartographie,CART1368,4,41,2
1369,Stratigraphie,STRA1369,4,41,2
1370,Pétrographie,PÉTR1370,4,41,2
1371,Paléontologie,PALÉ1371,4,41,2
1372,Tectonique,TECT1372,4,41,2
1373,Minéralogie,MINÉ1373,4,41,3
1374,Géophysique,GÉOP1374,4,41,3
1375,Sédimentologie,SÉDI1375,4,41,3
1376,Cartographie,CART1376,4,41,3
1377,Stratigraphie,STRA1377,4,41,3
1378,Pétrographie,PÉTR1378,4,41,3
1379,Paléontologie,PALÉ1379,4,41,4
1380,Tectonique,TECT1380,4,41,4
1381,Minéralogie,MINÉ1381,4,41,4
1382,Géophysique,GÉOP1382,4,41,4
1383,Sédimentologie,SÉDI1383,4,41,4
1384,Cartographie,CART1384,4,41,4
1385,Stratigraphie,STRA1385,4,41,5
1386,Pétrographie,PÉTR1386,4,41,5
1387,Paléontologie,PALÉ1387,4,41,5
1388,Tectonique,TECT1388,4,41,5
1389,Minéralogie,MINÉ1389,4,41,5
1390,Géophysique,GÉOP1390,4,41,5
1391,Sédimentologie,SÉDI1391,4,41,6
1392,Cartographie,CART1392,4,41,6
1393,Stratigraphie,STRA1393,4,41,6
1394,Pétrographie,PÉTR1394,4,41,6
1395,Mécanique des Sols,MÉCA1395,4,42,1
1396,Béton Armé,BÉTO1396,4,42,1
1397,Charpente Métallique,CHAR1397,4,42,1
1398,Routes et Voiries,ROUT1398,4,42,1
1399,Topographie,TOPO1399,4,42,1
1400,Matériaux de Construction,MATÉ1400,4,42,1
1401,Résistance des Matériaux,RÉSI1401,4,42,2
1402,Mécanique des Sols,MÉCA1402,4,42,2
1403,Béton Armé,BÉTO1403,4,42,2
1404,Charpente Métallique,CHAR1404,4,42,2
1405,Routes et Voiries,ROUT1405,4,42,2
1406,Topographie,TOPO1406,4,42,2
1407,Matériaux de Construction,MATÉ1407,4,42,3
1408,Résistance des Matériaux,RÉSI1408,4,42,3
1409,Mécanique des Sols,MÉCA1409,4,42,3
1410,Béton Armé,BÉTO1410,4,42,3
1411,Charpente Métallique,CHAR1411,4,42,3
1412,Routes et Voiries,ROUT1412,4,42,3
1413,Topographie,TOPO1413,4,42,4
1414,Matériaux de Construction,MATÉ1414,4,42,4
1415,Résistance des Matériaux,RÉSI1415,4,42,4
1416,Mécanique des Sols,MÉCA1416,4,42,4
1417,Béton Armé,BÉTO1417,4,42,4
1418,Charpente Métallique,CHAR1418,4,42,4
1419,Routes et Voiries,ROUT1419,4,42,5
1420,Topographie,TOPO1420,4,42,5
1421,Matériaux de Construction,MATÉ1421,4,42,5
1422,Résistance des Matériaux,RÉSI1422,4,42,5
1423,Mécanique des Sols,MÉCA1423,4,42,5
1424,Béton Armé,BÉTO1424,4,42,5
1425,Charpente Métallique,CHAR1425,4,42,6
1426,Routes et Voiries,ROUT1426,4,42,6
1427,Topographie,TOPO1427,4,42,6
1428,Matériaux de Construction,MATÉ1428,4,42,6
1429,Circuits Électriques,CIRC1429,4,43,1
1430,Logique Combinatoire,LOGI1430,4,43,1
1431,Machines Électriques,MACH1431,4,43,1
1432,Traitement du Signal,TRAI1432,4,43,1
1433,Microprocesseurs,MICR1433,4,43,1
1434,Électronique de Puissance,ÉLEC1434,4,43,1
1435,Asservissements,ASSE1435,4,43,2
1436,Circuits Électriques,CIRC1436,4,43,2
1437,Logique Combinatoire,LOGI1437,4,43,2
1438,Machines Électriques,MACH1438,4,43,2
1439,Traitement du Signal,TRAI1439,4,43,2
1440,Microprocesseurs,MICR1440,4,43,2
1441,Électronique de Puissance,ÉLEC1441,4,43,3
1442,Asservissements,ASSE1442,4,43,3
1443,Circuits Électriques,CIRC1443,4,43,3
1444,Logique Combinatoire,LOGI1444,4,43,3
1445,Machines Électriques,MACH1445,4,43,3
1446,Traitement du Signal,TRAI1446,4,43,3
1447,Microprocesseurs,MICR1447,4,43,4
1448,Électronique de Puissance,ÉLEC1448,4,43,4
1449,Asservissements,ASSE1449,4,43,4
1450,Circuits Électriques,CIRC1450,4,43,4
1451,Logique Combinatoire,LOGI1451,4,43,4
1452,Machines Électriques,MACH1452,4,43,4
1453,Traitement du Signal,TRAI1453,4,43,5
1454,Microprocesseurs,MICR1454,4,43,5
1455,Électronique de Puissance,ÉLEC1455,4,43,5
1456,Asservissements,ASSE1456,4,43,5
1457,Circuits Électriques,CIRC1457,4,43,5
1458,Logique Combinatoire,LOGI1458,4,43,5
1459,Machines Électriques,MACH1459,4,43,6
1460,Traitement du Signal,TRAI1460,4,43,6
1461,Microprocesseurs,MICR1461,4,43,6
1462,Électronique de Puissance,ÉLEC1462,4,43,6
1463,Transferts Thermiques,TRAN1463,4,44,1
1464,Moteurs thermiques,MOTE1464,4,44,1
1465,Dessin Industriel,DESS1465,4,44,1
1466,Mécanique des Solides,MÉCA1466,4,44,1
1467,Dynamique des Systèmes,DYNA1467,4,44,1
1468,Science des Matériaux,SCIE1468,4,44,1
1469,Transferts Thermiques,TRAN1469,4,44,2
1470,Moteurs thermiques,MOTE1470,4,44,2
1471,Dessin Industriel,DESS1471,4,44,2
1472,Mécanique des Solides,MÉCA1472,4,44,2
1473,Dynamique des Systèmes,DYNA1473,4,44,2
1474,Science des Matériaux,SCIE1474,4,44,2
1475,Transferts Thermiques,TRAN1475,4,44,3
1476,Moteurs thermiques,MOTE1476,4,44,3
1477,Dessin Industriel,DESS1477,4,44,3
1478,Mécanique des Solides,MÉCA1478,4,44,3
1479,Dynamique des Systèmes,DYNA1479,4,44,3
1480,Science des Matériaux,SCIE1480,4,44,3
1481,Transferts Thermiques,TRAN1481,4,44,4
1482,Moteurs thermiques,MOTE1482,4,44,4
1483,Dessin Industriel,DESS1483,4,44,4
1484,Mécanique des Solides,MÉCA1484,4,44,4
1485,Dynamique des Systèmes,DYNA1485,4,44,4
1486,Science des Matériaux,SCIE1486,4,44,4
1487,Transferts Thermiques,TRAN1487,4,44,5
1488,Moteurs thermiques,MOTE1488,4,44,5
1489,Dessin Industriel,DESS1489,4,44,5
1490,Mécanique des Solides,MÉCA1490,4,44,5
1491,Dynamique des Systèmes,DYNA1491,4,44,5
1492,Science des Matériaux,SCIE1492,4,44,5
1493,Transferts Thermiques,TRAN1493,4,44,6
1494,Moteurs thermiques,MOTE1494,4,44,6
1495,Dessin Industriel,DESS1495,4,44,6
1496,Mécanique des Solides,MÉCA1496,4,44,6
1497,Histoire des Faits Économiques,HIST1497,4,45,1
1498,Mathématiques pour l'Économie,MATH1498,4,45,1
1499,Économie de l'Entreprise,ÉCON1499,4,45,1
1500,Comptabilité Nationale,COMP1500,4,45,1
1501,Microéconomie,MICR1501,4,45,1
1502,Macroéconomie,MACR1502,4,45,1
1503,Histoire des Faits Économiques,HIST1503,4,45,2
1504,Mathématiques pour l'Économie,MATH1504,4,45,2
1505,Économie de l'Entreprise,ÉCON1505,4,45,2
1506,Comptabilité Nationale,COMP1506,4,45,2
1507,Microéconomie,MICR1507,4,45,2
1508,Macroéconomie,MACR1508,4,45,2
1509,Histoire des Faits Économiques,HIST1509,4,45,3
1510,Mathématiques pour l'Économie,MATH1510,4,45,3
1511,Économie de l'Entreprise,ÉCON1511,4,45,3
1512,Comptabilité Nationale,COMP1512,4,45,3
1513,Microéconomie,MICR1513,4,45,3
1514,Macroéconomie,MACR1514,4,45,3
1515,Histoire des Faits Économiques,HIST1515,4,45,4
1516,Mathématiques pour l'Économie,MATH1516,4,45,4
1517,Économie de l'Entreprise,ÉCON1517,4,45,4
1518,Comptabilité Nationale,COMP1518,4,45,4
1519,Microéconomie,MICR1519,4,45,4
1520,Macroéconomie,MACR1520,4,45,4
1521,Histoire des Faits Économiques,HIST1521,4,45,5
1522,Mathématiques pour l'Économie,MATH1522,4,45,5
1523,Économie de l'Entreprise,ÉCON1523,4,45,5
1524,Comptabilité Nationale,COMP1524,4,45,5
1525,Microéconomie,MICR1525,4,45,5
1526,Macroéconomie,MACR1526,4,45,5
1527,Histoire des Faits Économiques,HIST1527,4,45,6
1528,Mathématiques pour l'Économie,MATH1528,4,45,6
1529,Économie de l'Entreprise,ÉCON1529,4,45,6
1530,Comptabilité Nationale,COMP1530,4,45,6
